<?xml version="1.0" encoding="UTF-8"?>
<!-- HP LaserJetwsdmon Bidi Extension 
		Author: Larry Copp
		Version: 0.1 
		Date: 28Feb2013 - Initial Release
		Version:0.2
		Date: 7Mar2013 - complies with schema and added layout values.  Test Location value
	-->
<!-- <bidi:Definition xsi:schemaLocation="http://schemas.microsoft.com/windows/2005/03/printing/bidi ..\..\wsdbidi.xsd" xmlns:bidi="http://schemas.microsoft.com/windows/2005/03/printing/bidi" xmlns:xsi="http://www.w3.org/2001/XMLSchema-instance">  -->
<bidi:Definition xmlns:bidi="http://schemas.microsoft.com/windows/2005/03/printing/bidi">
	<Schema xmlns:nprt="http://schemas.microsoft.com/windows/2006/08/wdp/print">
		<Property name="Printer">
			<!-- Supported Standard Schema DeviceInfo values -->
			<Property name="DeviceInfo">
				<Value name="ColorSupported" query="nprt:PrinterDescription" filter="nprt:PrinterDescription/nprt:ColorSupported" type="BIDI_BOOL" optional="true">false</Value>
				<Value name="FriendlyName" query="nprt:PrinterDescription" filter="nprt:PrinterDescription/nprt:PrinterName" type="BIDI_STRING"/>
			</Property>
			<Property name="Configuration">
				<Property name="A3LedgerPaperSupport">
					<Value name="Installed" type="BIDI_BOOL" query="nprt:PrinterCapabilities" filter="nprt:PrinterCapabilities/nprt:JobValues/nprt:DocumentProcessing/nprt:MediaSizeName[contains(.,'iso_a3')=false()]" optional="true">true</Value>
					<!-- <Installed name="Installed" accessType="Get" type="BIDI_BOOL" query="nprt:PrinterCapabilities" filter="nprt:PrinterCapabilities/nprt:JobValues/nprt:DocumentProcessing/nprt:MediaSizeName/nprt:AllowedValue[contains(.,'iso_a3_297x420mm')]"/> -->
					<!--<Value name="Installed" type="BIDI_BOOL" query="nprt:PrinterCapabilities" filter="boolean(nprt:PrinterCapabilities/nprt:JobValues/nprt:DocumentProcessing/nprt:MediaSizeName[nprt:AllowedValue='iso_a3_297x420mm'])" optional="true">false</Value>-->
				</Property>
				<Property name="DuplexUnit">
					<!-- <Value name="Installed" type="BIDI_BOOL" accessType="Get" queryKey="\Printer.Configuration.DuplexUnit:Installed;XPathBool;/DevMgmt/ProductConfigDyn.xml;/dd:DuplexUnit" refreshInterval="60" drvPrinterEvent="true"/> -->
					<Value name="Installed" query="nprt:PrinterConfiguration" filter="nprt:PrinterConfiguration/nprt:Finishings/nprt:DuplexerInstalled" type="BIDI_BOOL" optional="true" drvPrinterEvent="true">false</Value>
				</Property>
				<!-- <Property name="Memory">
					<Value name="Size" query="nprt:PrinterConfiguration" filter="//nprt:StorageEntry[nprt:Type='Ram']/nprt:Size" type="BIDI_INT"/>
				</Property>
				<Property name="HardDisk">
					<Installed name="Installed" query="nprt:PrinterConfiguration" filter="//nprt:StorageEntry[nprt:Type='HardDisk']"/>
				</Property>
				<Property name="PhotoTray">
					<Installed name="Installed" query="nprt:PrinterConfiguration" filter="//nprt:InputBinEntry[@Name='PhotoTray']"/>
				</Property> -->
			</Property>
		</Property>
	</Schema>
</bidi:Definition>
