<psf2:PrintDeviceCapabilities xmlns:psf2="http://schemas.microsoft.com/windows/2013/12/printing/printschemaframework2"
                         xmlns:ns0000="http://schemas.microsoft.com/windows/2015/02/printing/printschemakeywords/microsoftprinttopdf"
                         xmlns:psf="http://schemas.microsoft.com/windows/2003/08/printing/printschemaframework"
                         xmlns:psk="http://schemas.microsoft.com/windows/2003/08/printing/printschemakeywords"
                         xmlns:psk12="http://schemas.microsoft.com/windows/2013/12/printing/printschemakeywordsv12"
                         xmlns:xsd="http://www.w3.org/2001/XMLSchema"
                         xmlns:xsi="http://www.w3.org/2001/XMLSchema-instance">

  <ns0000:DocumentUserPassword psf2:psftype="ParameterDef">
    <psf:DataType psf2:psftype="Property" xsi:type="xsd:QName">xsd:string</psf:DataType>
    <psf:DefaultValue psf2:psftype="Property" xsi:type="xsd:string">None</psf:DefaultValue>
    <psf:UnitType psf2:psftype="Property" xsi:type="xsd:string">EncryptedUserPassword</psf:UnitType>
    <psf:MaxLength psf2:psftype="Property" xsi:type="xsd:integer">1024</psf:MaxLength>
    <psf:MinLength psf2:psftype="Property" xsi:type="xsd:integer">4</psf:MinLength>
  </ns0000:DocumentUserPassword>

  <ns0000:DocumentOwnerPassword psf2:psftype="ParameterDef">
    <psf:DataType psf2:psftype="Property" xsi:type="xsd:QName">xsd:string</psf:DataType>
    <psf:DefaultValue psf2:psftype="Property" xsi:type="xsd:string">None</psf:DefaultValue>
    <psf:UnitType psf2:psftype="Property" xsi:type="xsd:string">EncryptedOwnerPassword</psf:UnitType>
    <psf:MaxLength psf2:psftype="Property" xsi:type="xsd:integer">1024</psf:MaxLength>
    <psf:MinLength psf2:psftype="Property" xsi:type="xsd:integer">4</psf:MinLength>
  </ns0000:DocumentOwnerPassword>

  <ns0000:DocumentCryptSecurity psf2:psftype="ParameterDef">
    <psf:DataType psf2:psftype="Property" xsi:type="xsd:QName">xsd:string</psf:DataType>
    <psf:DefaultValue psf2:psftype="Property" xsi:type="xsd:string">#1110</psf:DefaultValue>
    <psf:UnitType psf2:psftype="Property" xsi:type="xsd:string">EncryptionPermission</psf:UnitType>
    <psf:MaxLength psf2:psftype="Property" xsi:type="xsd:integer">32</psf:MaxLength>
    <psf:MinLength psf2:psftype="Property" xsi:type="xsd:integer">5</psf:MinLength>
  </ns0000:DocumentCryptSecurity>

  <psk:PageMediaSize psf2:psftype="Feature">
    <psk:NorthAmericaTabloid psf2:psftype="Option">
      <psk12:PortraitImageableSize psf2:psftype="Property" xsi:type="psf2:ImageableAreaType">0,0,279400,431800</psk12:PortraitImageableSize>
      <psk:MediaSizeHeight psf2:psftype="ScoredProperty" xsi:type="xsd:integer">431800</psk:MediaSizeHeight>
      <psk:MediaSizeWidth psf2:psftype="ScoredProperty" xsi:type="xsd:integer">279400</psk:MediaSizeWidth>
    </psk:NorthAmericaTabloid>
    <psk:NorthAmericaLegal psf2:psftype="Option">
      <psk12:PortraitImageableSize psf2:psftype="Property" xsi:type="psf2:ImageableAreaType">0,0,215900,355600</psk12:PortraitImageableSize>
      <psk:MediaSizeHeight psf2:psftype="ScoredProperty" xsi:type="xsd:integer">355600</psk:MediaSizeHeight>
      <psk:MediaSizeWidth psf2:psftype="ScoredProperty" xsi:type="xsd:integer">215900</psk:MediaSizeWidth>
    </psk:NorthAmericaLegal>
    <psk:NorthAmericaStatement psf2:psftype="Option">
      <psk12:PortraitImageableSize psf2:psftype="Property" xsi:type="psf2:ImageableAreaType">0,0,139700,215900</psk12:PortraitImageableSize>
      <psk:MediaSizeHeight psf2:psftype="ScoredProperty" xsi:type="xsd:integer">215900</psk:MediaSizeHeight>
      <psk:MediaSizeWidth psf2:psftype="ScoredProperty" xsi:type="xsd:integer">139700</psk:MediaSizeWidth>
    </psk:NorthAmericaStatement>
    <psk:NorthAmericaExecutive psf2:psftype="Option">
      <psk12:PortraitImageableSize psf2:psftype="Property" xsi:type="psf2:ImageableAreaType">0,0,184150,266700</psk12:PortraitImageableSize>
      <psk:MediaSizeHeight psf2:psftype="ScoredProperty" xsi:type="xsd:integer">266700</psk:MediaSizeHeight>
      <psk:MediaSizeWidth psf2:psftype="ScoredProperty" xsi:type="xsd:integer">184150</psk:MediaSizeWidth>
    </psk:NorthAmericaExecutive>
    <psk:ISOA3 psf2:psftype="Option">
      <psk12:PortraitImageableSize psf2:psftype="Property" xsi:type="psf2:ImageableAreaType">0,0,297000,420000</psk12:PortraitImageableSize>
      <psk:MediaSizeHeight psf2:psftype="ScoredProperty" xsi:type="xsd:integer">420000</psk:MediaSizeHeight>
      <psk:MediaSizeWidth psf2:psftype="ScoredProperty" xsi:type="xsd:integer">297000</psk:MediaSizeWidth>
    </psk:ISOA3>
    <psk:ISOA4 psf2:psftype="Option">
      <psk12:PortraitImageableSize psf2:psftype="Property" xsi:type="psf2:ImageableAreaType">0,0,210000,297000</psk12:PortraitImageableSize>
      <psk:MediaSizeHeight psf2:psftype="ScoredProperty" xsi:type="xsd:integer">297000</psk:MediaSizeHeight>
      <psk:MediaSizeWidth psf2:psftype="ScoredProperty" xsi:type="xsd:integer">210000</psk:MediaSizeWidth>
    </psk:ISOA4>
    <psk:ISOA5 psf2:psftype="Option">
      <psk12:PortraitImageableSize psf2:psftype="Property" xsi:type="psf2:ImageableAreaType">0,0,148000,210000</psk12:PortraitImageableSize>
      <psk:MediaSizeHeight psf2:psftype="ScoredProperty" xsi:type="xsd:integer">210000</psk:MediaSizeHeight>
      <psk:MediaSizeWidth psf2:psftype="ScoredProperty" xsi:type="xsd:integer">148000</psk:MediaSizeWidth>
    </psk:ISOA5>
    <psk:JISB4 psf2:psftype="Option">
      <psk12:PortraitImageableSize psf2:psftype="Property" xsi:type="psf2:ImageableAreaType">0,0,257000,364000</psk12:PortraitImageableSize>
      <psk:MediaSizeHeight psf2:psftype="ScoredProperty" xsi:type="xsd:integer">364000</psk:MediaSizeHeight>
      <psk:MediaSizeWidth psf2:psftype="ScoredProperty" xsi:type="xsd:integer">257000</psk:MediaSizeWidth>
    </psk:JISB4>
    <psk:JISB5 psf2:psftype="Option">
      <psk12:PortraitImageableSize psf2:psftype="Property" xsi:type="psf2:ImageableAreaType">0,0,182000,257000</psk12:PortraitImageableSize>
      <psk:MediaSizeHeight psf2:psftype="ScoredProperty" xsi:type="xsd:integer">257000</psk:MediaSizeHeight>
      <psk:MediaSizeWidth psf2:psftype="ScoredProperty" xsi:type="xsd:integer">182000</psk:MediaSizeWidth>
    </psk:JISB5>
    <psk:NorthAmericaLetter psf2:psftype="Option" psf2:default="true">
      <psk12:PortraitImageableSize psf2:psftype="Property" xsi:type="psf2:ImageableAreaType">0,0,215900,279400</psk12:PortraitImageableSize>
      <psk:MediaSizeHeight psf2:psftype="ScoredProperty" xsi:type="xsd:integer">279400</psk:MediaSizeHeight>
      <psk:MediaSizeWidth psf2:psftype="ScoredProperty" xsi:type="xsd:integer">215900</psk:MediaSizeWidth>
    </psk:NorthAmericaLetter>
  </psk:PageMediaSize>

  <psk:PageOrientation psf2:psftype="Feature">
    <psk:Landscape psf2:psftype="Option"/>
    <psk:Portrait psf2:psftype="Option" psf2:default="true"/>
  </psk:PageOrientation>

  <psk:PageResolution psf2:psftype="Feature">
    <ns0000:ResOption1 psf2:psftype="Option" psf2:default="true">
      <psk:ResolutionX psf2:psftype="ScoredProperty" xsi:type="xsd:integer">600</psk:ResolutionX>
      <psk:ResolutionY psf2:psftype="ScoredProperty" xsi:type="xsd:integer">600</psk:ResolutionY>
    </ns0000:ResOption1>
  </psk:PageResolution>

  <psk:PageOutputColor psf2:psftype="Feature">
    <psk:Color psf2:psftype="Option" psf2:default="true">
      <psk:DeviceBitsPerPixel xsi:type="xsd:integer" psf2:psftype="ScoredProperty">24</psk:DeviceBitsPerPixel>
      <psk:DriverBitsPerPixel xsi:type="xsd:integer" psf2:psftype="ScoredProperty">24</psk:DriverBitsPerPixel>
    </psk:Color>
  </psk:PageOutputColor>

</psf2:PrintDeviceCapabilities>
