<?xml version="1.0"?>
<bidi:Definition xmlns:xsi="http://www.w3.org/2001/XMLSchema-instance" xmlns:bidi="http://schemas.microsoft.com/windows/2005/03/printing/bidi" xsi:schemaLocation="http://schemas.microsoft.com/windows/2005/03/printing/bidi wsdbidi.xsd">
<!--Version 3.0-->
  <Schema xmlns:nprt="http://schemas.microsoft.com/windows/2006/08/wdp/print"
          xmlns:hpprt="http://www.hp.com/schemas/imaging/con/hpprt/2014/08/22"
          xmlns:wprt="http://schemas.microsoft.com/windows/2006/08/wdp/print">
    <Property name="Printer">

      <Property name="Status">
        <Property name="Summary">
          <Value name="StateReason" query="nprt:PrinterStatus" filter="nprt:PrinterStatus/nprt:PrinterPrimaryStateReason" type="BIDI_STRING"/>
        </Property>
      </Property>
	  
	  
      <Property name="Layout">
        <Property name="InputBins">
	   <Property name="PhotoTrayUnit002">
            <Installed name="Installed" query="wprt:PrinterConfiguration" filter='wprt:PrinterConfiguration/wprt:InputBins/wprt:InputBinEntry[@wprt:Name="PhotoTray"]' drvPrinterEvent="true"/>
           </Property>
          <Property name="Tray001">
            <Installed name="Installed" query="wprt:PrinterConfiguration" filter='wprt:PrinterConfiguration/wprt:InputBins/wprt:InputBinEntry[@wprt:Name="Tray 1" or @wprt:Name="Tray1"]' drvPrinterEvent="true"/>
            <Value name="MediaSize" query="wprt:PrinterConfiguration" filter='wprt:PrinterConfiguration/wprt:InputBins/wprt:InputBinEntry[@wprt:Name="Tray 1" or @wprt:Name="Tray1"]/wprt:MediaSize' type="BIDI_STRING" drvPrinterEvent="true"/>
            <Value name="MediaType" query="wprt:PrinterConfiguration" filter='wprt:PrinterConfiguration/wprt:InputBins/wprt:InputBinEntry[@wprt:Name="Tray 1" or @wprt:Name="Tray1"]/wprt:MediaType' type="BIDI_STRING" drvPrinterEvent="true"/>
            <Value name="MediaColor" query="wprt:PrinterConfiguration" filter='wprt:PrinterConfiguration/wprt:InputBins/wprt:InputBinEntry[@wprt:Name="Tray 1" or @wprt:Name="Tray1"]/wprt:MediaColor' type="BIDI_STRING" drvPrinterEvent="true"/>
            <Value name="FeedDirection" query="wprt:PrinterConfiguration" filter='wprt:PrinterConfiguration/wprt:InputBins/wprt:InputBinEntry[@wprt:Name="Tray 1" or @wprt:Name="Tray1"]/wprt:FeedDirection' type="BIDI_STRING" drvPrinterEvent="true"/>
            <Value name="Capacity" query="wprt:PrinterConfiguration" filter='wprt:PrinterConfiguration/wprt:InputBins/wprt:InputBinEntry[@wprt:Name="Tray 1" or @wprt:Name="Tray1"]/wprt:Capacity' type="BIDI_INT" drvPrinterEvent="true"/>
            <Value name="Level" query="wprt:PrinterConfiguration" filter='wprt:PrinterConfiguration/wprt:InputBins/wprt:InputBinEntry[@wprt:Name="Tray 1" or @wprt:Name="Tray1"]/wprt:Level' type="BIDI_INT" drvPrinterEvent="true"/>
          </Property>
          <Property name="Tray002">
            <Installed name="Installed" query="wprt:PrinterConfiguration" filter='wprt:PrinterConfiguration/wprt:InputBins/wprt:InputBinEntry[@wprt:Name="Tray 2" or @wprt:Name="Tray2"]' drvPrinterEvent="true"/>
            <Value name="MediaSize" query="wprt:PrinterConfiguration" filter='wprt:PrinterConfiguration/wprt:InputBins/wprt:InputBinEntry[@wprt:Name="Tray 2" or @wprt:Name="Tray2"]/wprt:MediaSize' type="BIDI_STRING" drvPrinterEvent="true"/>
            <Value name="MediaType" query="wprt:PrinterConfiguration" filter='wprt:PrinterConfiguration/wprt:InputBins/wprt:InputBinEntry[@wprt:Name="Tray 2" or @wprt:Name="Tray2"]/wprt:MediaType' type="BIDI_STRING" drvPrinterEvent="true"/>
            <Value name="MediaColor" query="wprt:PrinterConfiguration" filter='wprt:PrinterConfiguration/wprt:InputBins/wprt:InputBinEntry[@wprt:Name="Tray 2" or @wprt:Name="Tray2"]/wprt:MediaColor' type="BIDI_STRING" drvPrinterEvent="true"/>
            <Value name="FeedDirection" query="wprt:PrinterConfiguration" filter='wprt:PrinterConfiguration/wprt:InputBins/wprt:InputBinEntry[@wprt:Name="Tray 2" or @wprt:Name="Tray2"]/wprt:FeedDirection' type="BIDI_STRING" drvPrinterEvent="true"/>
            <Value name="Capacity" query="wprt:PrinterConfiguration" filter='wprt:PrinterConfiguration/wprt:InputBins/wprt:InputBinEntry[@wprt:Name="Tray 2" or @wprt:Name="Tray2"]/wprt:Capacity' type="BIDI_INT" drvPrinterEvent="true"/>
            <Value name="Level" query="wprt:PrinterConfiguration" filter='wprt:PrinterConfiguration/wprt:InputBins/wprt:InputBinEntry[@wprt:Name="Tray 2" or @wprt:Name="Tray2"]/wprt:Level' type="BIDI_INT" drvPrinterEvent="true"/>
          </Property>            
        </Property>
      </Property>


		<Property name="Finishing">
			<Value name="ConvertMode" query="wprt:PrinterConfiguration" filter="wprt:PrinterConfiguration/wprt:OutputBins/wprt:OutputBinEntry/hpprt:Model" type="BIDI_STRING" />
		</Property>

		
    </Property>
  </Schema>
  <PortStatus>
    <Status>
      <Keyword>None</Keyword>
      <Code>0</Code>
      <Severity>0</Severity>
    </Status>
    <Status>
      <Keyword>AttentionRequired</Keyword>
      <Code>8</Code>
      <Severity>1</Severity>
    </Status>
    <Status>
      <Keyword>DoorOpen</Keyword>
      <Code>7</Code>
      <Severity>1</Severity>
    </Status>
    <Status>
      <Keyword>MarkerFailure</Keyword>
      <ResourceIdOffset>0</ResourceIdOffset>
      <Severity>1</Severity>
    </Status>
    <Status>
      <Keyword>MarkerSupplyLow</Keyword>
      <Code>10</Code>
      <Severity>2</Severity>
    </Status>
    <Status>
      <Keyword>MarkerSupplyEmpty</Keyword>
      <Code>6</Code>
      <Severity>1</Severity>
    </Status>
    <Status>
      <Keyword>MediaEmpty</Keyword>
      <Code>3</Code>
      <Severity>1</Severity>
    </Status>
    <Status>
      <Keyword>MediaJam</Keyword>
      <Code>2</Code>
      <Severity>1</Severity>
    </Status>
    <Status>
      <Keyword>MediaLow</Keyword>
      <ResourceIdOffset>1</ResourceIdOffset>
      <Severity>2</Severity>
    </Status>
    <Status>
      <Keyword>MediaNeeded</Keyword>
      <Code>5</Code>
      <Severity>1</Severity>
    </Status>
    <Status>
      <Keyword>OutputAreaAlmostFull</Keyword>
      <ResourceIdOffset>2</ResourceIdOffset>
      <Severity>2</Severity>
    </Status>
    <Status>
      <Keyword>OutputAreaFull</Keyword>
      <Code>4</Code>
      <Severity>1</Severity>
    </Status>
    <Status>
      <Keyword>Paused</Keyword>
      <ResourceIdOffset>3</ResourceIdOffset>
      <Severity>3</Severity>
    </Status>
  </PortStatus>
</bidi:Definition>