<?xml version="1.0" encoding="us-ascii"?>
<bidi:Schema xmlns:xsi="http://www.w3.org/2001/XMLSchema-instance" xmlns:bidi="http://schemas.microsoft.com/windows/2005/03/printing/bidi" xsi:schemaLocation="http://schemas.microsoft.com/windows/2005/03/printing/bidi tcpbidi.xsd">
<!-- Version 3.0 -->
  <Property name="Printer">
    
    <!--Omitting the queries for Duplexer, Memory and HardDisk as they are included implicitly in in-OS xml-->
	<Property name="Status">
	  <IndexedProperty  name="Summary">
        <Converter name="StateReason"  deviceIndex ="true" oid="1.3.6.1.2.1.25.3.5.1.2.1"  useFirstIndex="true" refreshInterval="5" drvPrinterEvent="true">
          
		 		  
		  <Conversion mibValue="08" bidiValue="DoorOpen"/>
          <Conversion mibValue="0B" bidiValue="DoorOpen"/> <!--DoorOpen,DoorOpen+CatridgeMissing,DoorOpen+PrinterPaused-->
		  <Conversion mibValue="CB" bidiValue="DoorOpen"/> <!--DoorOpen+OutofPaper-->
		  <Conversion mibValue="48" bidiValue="DoorOpen"/> <!--DoorOpen+OutofPaper_Orion/Nebula-->
		  <Conversion mibValue="0F" bidiValue="DoorOpen"/> <!--DoorOpen+PaperJam-->
		  <Conversion mibValue="0C" bidiValue="DoorOpen"/> <!--DoorOpen+PaperJam_Orion/Nebula-->
		  <Conversion mibValue="8B" bidiValue="OutputAreaFull"/> <!--DoorOpen+OutputbinFull-->
			
          <Conversion mibValue="40" bidiValue="MediaEmpty"/> <!--OutOfPaper-->
          <Conversion mibValue="C3" bidiValue="MediaEmpty"/>
		  
          <Conversion mibValue="01" bidiValue="cartridgeMissing"/>  
		  <Conversion mibValue="D3" bidiValue="cartridgeMissing"/> <!--OutOfPaper+CatridgeMissing-->
		  <Conversion mibValue="13" bidiValue="cartridgeMissing"/> <!--CatridgeMissing, CatridgeMissing+PaperJam, CatridgeMissing+PrinterPaused-->   
		  
		  
          <Conversion mibValue="04" bidiValue="MediaJam"/>              
          <Conversion mibValue="07" bidiValue="MediaJam"/> <!--PaperJam,PaperJam+PrinterPaused-->
		  
          <Conversion mibValue="81" bidiValue="OutputAreaFull"/>
		  <Conversion mibValue="93" bidiValue="OutputAreaFull"/> <!--CatridgeMissing+OutputBinFull-->

          <Conversion mibValue="03" bidiValue="paused"/>
		  <Conversion mibValue="83" bidiValue="paused"/> <!--OutOfPaper+PrinterPaused-->
		  <Conversion mibValue="33" bidiValue="paused"/> <!--PrinterPaused-->
		  
		  <!--Toner is low-->
		  <Conversion mibValue="20" bidiValue="LowToner"/> 
		  <Conversion mibValue="21" bidiValue="LowToner"/>
		  <Conversion mibValue="22" bidiValue="LowToner"/>
		  <Conversion mibValue="23" bidiValue="LowToner"/>
		  
        </Converter>
    </IndexedProperty>
	</Property>
	
	
    
    <!--Queries for InputBins and EnvelopeFeeder-->
    <Property name="Layout">
      <Property name="InputBins">
        <IndexedProperty name="Tray">
          <Converter name="Installed" oid="1.3.6.1.2.1.43.8.2.1.2" deviceIndex="true" useFirstIndex="true" drvPrinterEvent="true" refreshInterval="600">
            <Conversion mibValue="2" bidiValue="True"/>
            <Conversion mibValue="3" bidiValue="True"/>
            <Conversion mibValue="4" bidiValue="True"/>
            <Conversion mibValue="5" bidiValue="True"/>
            <Conversion mibValue="6" bidiValue="True"/>
            <Conversion mibValue="7" bidiValue="True"/>
          </Converter>
        </IndexedProperty>
		  
		  <IndexedProperty name="PhotoTrayUnit">
				<Converter name="Installed" oid="1.3.6.1.2.1.43.8.2.1.13" deviceIndex="true" useFirstIndex="true" drvPrinterEvent="true" refreshInterval="600">
					<Conversion mibValue="PhotoTray" bidiValue="TRUE"/>
				</Converter>
			</IndexedProperty>
			
		</Property>
    </Property>

    <Property name="Configuration">
      <IndexedProperty  name="StorageMedia">
        <Converter name="Installed"  oid="1.3.6.1.2.1.25.3.6.1.2" deviceIndex="false" drvPrinterEvent="true">
          <Conversion mibValue="3" bidiValue="true"/>
          <Conversion mibValue="6400" bidiValue="false"/>
        </Converter>
      </IndexedProperty>
  
  </Property>
  
  
  </Property>
</bidi:Schema>
